category_id,category_name,description
1,Games,Culpo sordeo suffragium coerceo.
2,Garden,Altus victoria denique.
3,Industrial,Calculus veritas templum unus vester.
4,Shoes,Socius censura blandior aer subseco aro facere subvenio vallum aestas.
5,Industrial,Creator tandem rem utor vetus deficio acceptus.
6,Automotive,Paulatim assentator vulticulus valetudo contigo deleo tabula comedo dignissimos deserunt.
7,Sports,Ulterius utroque tonsor conqueror vilicus conturbo.
8,Baby,Damno est crebro fugiat.
9,Music,Doloribus amaritudo beatae solium cupio tonsor unus ceno temperantia ducimus.
10,Outdoors,Vigilo beatus degenero.
